source_id,url_or_file,retrieved_at,page_or_table,notes
YAHOO_HPG_20261009_105621_805649,https://query1.finance.yahoo.com/v8/finance/chart/HPG.VN?period1=1759942800&period2=1791478800&interval=1d&events=div%2Csplits,2026-10-09T10:56:23.950327+07:00,chart.indicators.quote,Raw snapshot: data/raw/prices/HPG_20261009_105621_805649.json; VND; adjustment basis unverified
HPG_9a2881a88ac8ca4c,https://file.hoaphat.com.vn/hoaphat-com-vn/2026/08/20260828-hpg-bctc-hop-nhat-soat-xet-6-thang-2026-va-giai-trinh-1-2.pdf,2026-10-09T10:56:34.772400+07:00,whole PDF; metrics not extracted,Báo cáo tài chính hợp nhất soát xét 6 tháng 2026; published_at=2026-08-28; listing=https://www.hoaphat.com.vn/quan-he-co-dong/bao-cao-tai-chinh
HPG_1f5c4b14f867d268,https://file.hoaphat.com.vn/hoaphat-com-vn/2026/07/20260730-hpg-bctc-hop-nhat-quy-2-2026-va-giai-trinh.pdf,2026-10-09T10:56:51.592435+07:00,whole PDF; metrics not extracted,Báo cáo tài chính hợp nhất Quý II/2026; published_at=2026-07-30; listing=https://www.hoaphat.com.vn/quan-he-co-dong/bao-cao-tai-chinh
YAHOO_HPG_20261009_111051_435832,https://query1.finance.yahoo.com/v8/finance/chart/HPG.VN?period1=1759942800&period2=1791478800&interval=1d&events=div%2Csplits,2026-10-09T11:10:53.491727+07:00,chart.indicators.quote,Raw snapshot: data/raw/prices/HPG_20261009_111051_435832.json; VND; adjustment basis unverified
YAHOO_HPG_20261009_114930_200741,https://query1.finance.yahoo.com/v8/finance/chart/HPG.VN?period1=1759942800&period2=1791478800&interval=1d&events=div%2Csplits,2026-10-09T11:49:32.502964+07:00,chart.indicators.quote,Raw snapshot: data/raw/prices/HPG_20261009_114930_200741.json; VND; adjustment basis unverified
HPG_9a2881a88ac8ca4c,data/raw/documents/20260828-hpg-bctc-hop-nhat-soat-xet-6-thang-2026-va-giai-trinh-1-2.pdf,2026-10-09T11:49:34.029746+07:00,whole PDF; metrics not extracted,Báo cáo tài chính hợp nhất soát xét 6 tháng 2026; published_at=2026-08-28; mode=local_cache_checked_sha256; source_url=https://file.hoaphat.com.vn/hoaphat-com-vn/2026/08/20260828-hpg-bctc-hop-nhat-soat-xet-6-thang-2026-va-giai-trinh-1-2.pdf; listing=https://www.hoaphat.com.vn/quan-he-co-dong/bao-cao-tai-chinh
HPG_1f5c4b14f867d268,data/raw/documents/20260730-hpg-bctc-hop-nhat-quy-2-2026-va-giai-trinh.pdf,2026-10-09T11:49:34.075124+07:00,whole PDF; metrics not extracted,Báo cáo tài chính hợp nhất Quý II/2026; published_at=2026-07-30; mode=local_cache_checked_sha256; source_url=https://file.hoaphat.com.vn/hoaphat-com-vn/2026/07/20260730-hpg-bctc-hop-nhat-quy-2-2026-va-giai-trinh.pdf; listing=https://www.hoaphat.com.vn/quan-he-co-dong/bao-cao-tai-chinh
YAHOO_HPG_20261009_121334_127598,https://query1.finance.yahoo.com/v8/finance/chart/HPG.VN?period1=1759942800&period2=1791478800&interval=1d&events=div%2Csplits,2026-10-09T12:13:34.677718+07:00,chart.indicators.quote,Raw snapshot: data/raw/prices/HPG_20261009_121334_127598.json; VND; adjustment basis unverified
HPG_9a2881a88ac8ca4c,data/raw/documents/20260828-hpg-bctc-hop-nhat-soat-xet-6-thang-2026-va-giai-trinh-1-2.pdf,2026-10-09T12:13:35.054780+07:00,whole PDF; metrics not extracted,Báo cáo tài chính hợp nhất soát xét 6 tháng 2026; published_at=2026-08-28; mode=local_cache_checked_sha256; source_url=https://file.hoaphat.com.vn/hoaphat-com-vn/2026/08/20260828-hpg-bctc-hop-nhat-soat-xet-6-thang-2026-va-giai-trinh-1-2.pdf; listing=https://www.hoaphat.com.vn/quan-he-co-dong/bao-cao-tai-chinh
HPG_1f5c4b14f867d268,data/raw/documents/20260730-hpg-bctc-hop-nhat-quy-2-2026-va-giai-trinh.pdf,2026-10-09T12:13:35.111100+07:00,whole PDF; metrics not extracted,Báo cáo tài chính hợp nhất Quý II/2026; published_at=2026-07-30; mode=local_cache_checked_sha256; source_url=https://file.hoaphat.com.vn/hoaphat-com-vn/2026/07/20260730-hpg-bctc-hop-nhat-quy-2-2026-va-giai-trinh.pdf; listing=https://www.hoaphat.com.vn/quan-he-co-dong/bao-cao-tai-chinh
YAHOO_FPT_20261009_121404_475566,https://query1.finance.yahoo.com/v8/finance/chart/FPT.VN?period1=1759942800&period2=1791478800&interval=1d&events=div%2Csplits,2026-10-09T12:14:04.892306+07:00,chart.indicators.quote,Raw snapshot: data/raw/prices/FPT_20261009_121404_475566.json; VND; adjustment basis unverified
YAHOO_VNM_20261009_121405_644231,https://query1.finance.yahoo.com/v8/finance/chart/VNM.VN?period1=1759942800&period2=1791478800&interval=1d&events=div%2Csplits,2026-10-09T12:14:06.597117+07:00,chart.indicators.quote,Raw snapshot: data/raw/prices/VNM_20261009_121405_644231.json; VND; adjustment basis unverified
YAHOO_HPG_20261009_122131_869845,https://query1.finance.yahoo.com/v8/finance/chart/HPG.VN?period1=1759942800&period2=1791478800&interval=1d&events=div%2Csplits,2026-10-09T12:21:32.302045+07:00,chart.indicators.quote,Raw snapshot: data/raw/prices/HPG_20261009_122131_869845.json; VND; adjustment basis unverified
HPG_9a2881a88ac8ca4c,data/raw/documents/20260828-hpg-bctc-hop-nhat-soat-xet-6-thang-2026-va-giai-trinh-1-2.pdf,2026-10-09T12:21:32.642725+07:00,whole PDF; metrics not extracted,Báo cáo tài chính hợp nhất soát xét 6 tháng 2026; published_at=2026-08-28; mode=local_cache_checked_sha256; source_url=https://file.hoaphat.com.vn/hoaphat-com-vn/2026/08/20260828-hpg-bctc-hop-nhat-soat-xet-6-thang-2026-va-giai-trinh-1-2.pdf; listing=https://www.hoaphat.com.vn/quan-he-co-dong/bao-cao-tai-chinh
HPG_1f5c4b14f867d268,data/raw/documents/20260730-hpg-bctc-hop-nhat-quy-2-2026-va-giai-trinh.pdf,2026-10-09T12:21:32.686309+07:00,whole PDF; metrics not extracted,Báo cáo tài chính hợp nhất Quý II/2026; published_at=2026-07-30; mode=local_cache_checked_sha256; source_url=https://file.hoaphat.com.vn/hoaphat-com-vn/2026/07/20260730-hpg-bctc-hop-nhat-quy-2-2026-va-giai-trinh.pdf; listing=https://www.hoaphat.com.vn/quan-he-co-dong/bao-cao-tai-chinh
YAHOO_FPT_20261009_122846_442240,https://query1.finance.yahoo.com/v8/finance/chart/FPT.VN?period1=1759942800&period2=1791478800&interval=1d&events=div%2Csplits,2026-10-09T12:28:46.934106+07:00,chart.indicators.quote,Raw snapshot: data/raw/prices/FPT_20261009_122846_442240.json; VND; adjustment basis unverified
YAHOO_HPG_20261009_123007_454766,https://query1.finance.yahoo.com/v8/finance/chart/HPG.VN?period1=1759942800&period2=1791478800&interval=1d&events=div%2Csplits,2026-10-09T12:30:07.944559+07:00,chart.indicators.quote,Raw snapshot: data/raw/prices/HPG_20261009_123007_454766.json; VND; adjustment basis unverified
HPG_9a2881a88ac8ca4c,data/raw/documents/20260828-hpg-bctc-hop-nhat-soat-xet-6-thang-2026-va-giai-trinh-1-2.pdf,2026-10-09T12:30:08.222171+07:00,whole PDF; metrics not extracted,Báo cáo tài chính hợp nhất soát xét 6 tháng 2026; published_at=2026-08-28; mode=local_cache_checked_sha256; source_url=https://file.hoaphat.com.vn/hoaphat-com-vn/2026/08/20260828-hpg-bctc-hop-nhat-soat-xet-6-thang-2026-va-giai-trinh-1-2.pdf; listing=https://www.hoaphat.com.vn/quan-he-co-dong/bao-cao-tai-chinh
HPG_1f5c4b14f867d268,data/raw/documents/20260730-hpg-bctc-hop-nhat-quy-2-2026-va-giai-trinh.pdf,2026-10-09T12:30:08.241750+07:00,whole PDF; metrics not extracted,Báo cáo tài chính hợp nhất Quý II/2026; published_at=2026-07-30; mode=local_cache_checked_sha256; source_url=https://file.hoaphat.com.vn/hoaphat-com-vn/2026/07/20260730-hpg-bctc-hop-nhat-quy-2-2026-va-giai-trinh.pdf; listing=https://www.hoaphat.com.vn/quan-he-co-dong/bao-cao-tai-chinh
YAHOO_FPT_20261009_123011_074727,https://query1.finance.yahoo.com/v8/finance/chart/FPT.VN?period1=1759942800&period2=1791478800&interval=1d&events=div%2Csplits,2026-10-09T12:30:11.730919+07:00,chart.indicators.quote,Raw snapshot: data/raw/prices/FPT_20261009_123011_074727.json; VND; adjustment basis unverified
YAHOO_VNM_20261009_123012_950387,https://query1.finance.yahoo.com/v8/finance/chart/VNM.VN?period1=1759942800&period2=1791478800&interval=1d&events=div%2Csplits,2026-10-09T12:30:13.345250+07:00,chart.indicators.quote,Raw snapshot: data/raw/prices/VNM_20261009_123012_950387.json; VND; adjustment basis unverified
YAHOO_HPG_20261009_123307_012711,https://query1.finance.yahoo.com/v8/finance/chart/HPG.VN?period1=1759942800&period2=1791478800&interval=1d&events=div%2Csplits,2026-10-09T12:33:07.971740+07:00,chart.indicators.quote,Raw snapshot: data/raw/prices/HPG_20261009_123307_012711.json; VND; adjustment basis unverified
HPG_9a2881a88ac8ca4c,data/raw/documents/20260828-hpg-bctc-hop-nhat-soat-xet-6-thang-2026-va-giai-trinh-1-2.pdf,2026-10-09T12:33:08.267533+07:00,whole PDF; metrics not extracted,Báo cáo tài chính hợp nhất soát xét 6 tháng 2026; published_at=2026-08-28; mode=local_cache_checked_sha256; source_url=https://file.hoaphat.com.vn/hoaphat-com-vn/2026/08/20260828-hpg-bctc-hop-nhat-soat-xet-6-thang-2026-va-giai-trinh-1-2.pdf; listing=https://www.hoaphat.com.vn/quan-he-co-dong/bao-cao-tai-chinh
HPG_1f5c4b14f867d268,data/raw/documents/20260730-hpg-bctc-hop-nhat-quy-2-2026-va-giai-trinh.pdf,2026-10-09T12:33:08.307309+07:00,whole PDF; metrics not extracted,Báo cáo tài chính hợp nhất Quý II/2026; published_at=2026-07-30; mode=local_cache_checked_sha256; source_url=https://file.hoaphat.com.vn/hoaphat-com-vn/2026/07/20260730-hpg-bctc-hop-nhat-quy-2-2026-va-giai-trinh.pdf; listing=https://www.hoaphat.com.vn/quan-he-co-dong/bao-cao-tai-chinh
KBS_balance_HPG_20261009_123307_012711,https://kbbuddywts.kbsec.com.vn/iis-server/investment/stock/finance-info/HPG?page=1&pageSize=4&unit=1000&termtype=1&type=CDKT&languageid=1,2026-10-09T12:33:08.839801+07:00,balance,Financial monetary values requested in thousand VND; EPS in VND/share
KBS_cashflow_HPG_20261009_123307_012711,https://kbbuddywts.kbsec.com.vn/iis-server/investment/stock/finance-info/HPG?page=1&pageSize=4&unit=1000&termtype=1&type=LCTT&termType=1&code=HPG,2026-10-09T12:33:08.774826+07:00,cashflow,Financial monetary values requested in thousand VND; EPS in VND/share
KBS_income_HPG_20261009_123307_012711,https://kbbuddywts.kbsec.com.vn/iis-server/investment/stock/finance-info/HPG?page=1&pageSize=4&unit=1000&termtype=1&type=KQKD&languageid=1,2026-10-09T12:33:08.680043+07:00,income,Financial monetary values requested in thousand VND; EPS in VND/share
KBS_news_HPG_20261009_123307_012711,https://kbbuddywts.kbsec.com.vn/iis-server/investment/stockinfo/news/HPG?l=1&p=1&s=12,2026-10-09T12:33:08.499535+07:00,news,Public source snapshot
KBS_price_check_HPG_20261009_123307_012711,https://kbbuddywts.kbsec.com.vn/iis-server/investment/stocks/HPG/data_day?sdate=24-08-2026&edate=08-10-2026,2026-10-09T12:33:08.498551+07:00,price_check,Public source snapshot
KBS_profile_HPG_20261009_123307_012711,https://kbbuddywts.kbsec.com.vn/iis-server/investment/stockinfo/profile/HPG?l=1,2026-10-09T12:33:08.511083+07:00,profile,Public source snapshot
YAHOO_HPG_20261009_123332_953320,https://query1.finance.yahoo.com/v8/finance/chart/HPG.VN?period1=1759942800&period2=1791478800&interval=1d&events=div%2Csplits,2026-10-09T12:33:33.533162+07:00,chart.indicators.quote,Raw snapshot: data/raw/prices/HPG_20261009_123332_953320.json; VND; adjustment basis unverified
HPG_9a2881a88ac8ca4c,data/raw/documents/20260828-hpg-bctc-hop-nhat-soat-xet-6-thang-2026-va-giai-trinh-1-2.pdf,2026-10-09T12:33:33.796025+07:00,whole PDF; metrics not extracted,Báo cáo tài chính hợp nhất soát xét 6 tháng 2026; published_at=2026-08-28; mode=local_cache_checked_sha256; source_url=https://file.hoaphat.com.vn/hoaphat-com-vn/2026/08/20260828-hpg-bctc-hop-nhat-soat-xet-6-thang-2026-va-giai-trinh-1-2.pdf; listing=https://www.hoaphat.com.vn/quan-he-co-dong/bao-cao-tai-chinh
HPG_1f5c4b14f867d268,data/raw/documents/20260730-hpg-bctc-hop-nhat-quy-2-2026-va-giai-trinh.pdf,2026-10-09T12:33:33.827338+07:00,whole PDF; metrics not extracted,Báo cáo tài chính hợp nhất Quý II/2026; published_at=2026-07-30; mode=local_cache_checked_sha256; source_url=https://file.hoaphat.com.vn/hoaphat-com-vn/2026/07/20260730-hpg-bctc-hop-nhat-quy-2-2026-va-giai-trinh.pdf; listing=https://www.hoaphat.com.vn/quan-he-co-dong/bao-cao-tai-chinh
KBS_balance_HPG_20261009_123332_953320,https://kbbuddywts.kbsec.com.vn/iis-server/investment/stock/finance-info/HPG?page=1&pageSize=4&unit=1000&termtype=1&type=CDKT&languageid=1,2026-10-09T12:33:34.392024+07:00,balance,Financial monetary values requested in thousand VND; EPS in VND/share
KBS_cashflow_HPG_20261009_123332_953320,https://kbbuddywts.kbsec.com.vn/iis-server/investment/stock/finance-info/HPG?page=1&pageSize=4&unit=1000&termtype=1&type=LCTT&termType=1&code=HPG,2026-10-09T12:33:34.396737+07:00,cashflow,Financial monetary values requested in thousand VND; EPS in VND/share
KBS_income_HPG_20261009_123332_953320,https://kbbuddywts.kbsec.com.vn/iis-server/investment/stock/finance-info/HPG?page=1&pageSize=4&unit=1000&termtype=1&type=KQKD&languageid=1,2026-10-09T12:33:34.243864+07:00,income,Financial monetary values requested in thousand VND; EPS in VND/share
KBS_news_HPG_20261009_123332_953320,https://kbbuddywts.kbsec.com.vn/iis-server/investment/stockinfo/news/HPG?l=1&p=1&s=12,2026-10-09T12:33:34.007191+07:00,news,Public source snapshot
KBS_price_check_HPG_20261009_123332_953320,https://kbbuddywts.kbsec.com.vn/iis-server/investment/stocks/HPG/data_day?sdate=24-08-2026&edate=08-10-2026,2026-10-09T12:33:34.007833+07:00,price_check,Public source snapshot
KBS_profile_HPG_20261009_123332_953320,https://kbbuddywts.kbsec.com.vn/iis-server/investment/stockinfo/profile/HPG?l=1,2026-10-09T12:33:34.072563+07:00,profile,Public source snapshot
YAHOO_HPG_20261009_123406_509901,https://query1.finance.yahoo.com/v8/finance/chart/HPG.VN?period1=1759942800&period2=1791478800&interval=1d&events=div%2Csplits,2026-10-09T12:34:07.760604+07:00,chart.indicators.quote,Raw snapshot: data/raw/prices/HPG_20261009_123406_509901.json; VND; adjustment basis unverified
HPG_9a2881a88ac8ca4c,data/raw/documents/20260828-hpg-bctc-hop-nhat-soat-xet-6-thang-2026-va-giai-trinh-1-2.pdf,2026-10-09T12:34:08.026069+07:00,whole PDF; metrics not extracted,Báo cáo tài chính hợp nhất soát xét 6 tháng 2026; published_at=2026-08-28; mode=local_cache_checked_sha256; source_url=https://file.hoaphat.com.vn/hoaphat-com-vn/2026/08/20260828-hpg-bctc-hop-nhat-soat-xet-6-thang-2026-va-giai-trinh-1-2.pdf; listing=https://www.hoaphat.com.vn/quan-he-co-dong/bao-cao-tai-chinh
HPG_1f5c4b14f867d268,data/raw/documents/20260730-hpg-bctc-hop-nhat-quy-2-2026-va-giai-trinh.pdf,2026-10-09T12:34:08.045218+07:00,whole PDF; metrics not extracted,Báo cáo tài chính hợp nhất Quý II/2026; published_at=2026-07-30; mode=local_cache_checked_sha256; source_url=https://file.hoaphat.com.vn/hoaphat-com-vn/2026/07/20260730-hpg-bctc-hop-nhat-quy-2-2026-va-giai-trinh.pdf; listing=https://www.hoaphat.com.vn/quan-he-co-dong/bao-cao-tai-chinh
KBS_balance_HPG_20261009_123406_509901,https://kbbuddywts.kbsec.com.vn/iis-server/investment/stock/finance-info/HPG?page=1&pageSize=4&unit=1000&termtype=1&type=CDKT&languageid=1,2026-10-09T12:34:08.545256+07:00,balance,Financial monetary values requested in thousand VND; EPS in VND/share
KBS_cashflow_HPG_20261009_123406_509901,https://kbbuddywts.kbsec.com.vn/iis-server/investment/stock/finance-info/HPG?page=1&pageSize=4&unit=1000&termtype=1&type=LCTT&termType=1&code=HPG,2026-10-09T12:34:08.497818+07:00,cashflow,Financial monetary values requested in thousand VND; EPS in VND/share
KBS_income_HPG_20261009_123406_509901,https://kbbuddywts.kbsec.com.vn/iis-server/investment/stock/finance-info/HPG?page=1&pageSize=4&unit=1000&termtype=1&type=KQKD&languageid=1,2026-10-09T12:34:08.406342+07:00,income,Financial monetary values requested in thousand VND; EPS in VND/share
KBS_news_HPG_20261009_123406_509901,https://kbbuddywts.kbsec.com.vn/iis-server/investment/stockinfo/news/HPG?l=1&p=1&s=12,2026-10-09T12:34:08.211858+07:00,news,Public source snapshot
KBS_price_check_HPG_20261009_123406_509901,https://kbbuddywts.kbsec.com.vn/iis-server/investment/stocks/HPG/data_day?sdate=24-08-2026&edate=08-10-2026,2026-10-09T12:34:08.231057+07:00,price_check,Public source snapshot
KBS_profile_HPG_20261009_123406_509901,https://kbbuddywts.kbsec.com.vn/iis-server/investment/stockinfo/profile/HPG?l=1,2026-10-09T12:34:08.239609+07:00,profile,Public source snapshot
YAHOO_HPG_20261009_123438_937834,https://query1.finance.yahoo.com/v8/finance/chart/HPG.VN?period1=1759942800&period2=1791478800&interval=1d&events=div%2Csplits,2026-10-09T12:34:39.601166+07:00,chart.indicators.quote,Raw snapshot: data/raw/prices/HPG_20261009_123438_937834.json; VND; adjustment basis unverified
HPG_9a2881a88ac8ca4c,data/raw/documents/20260828-hpg-bctc-hop-nhat-soat-xet-6-thang-2026-va-giai-trinh-1-2.pdf,2026-10-09T12:34:39.904660+07:00,whole PDF; metrics not extracted,Báo cáo tài chính hợp nhất soát xét 6 tháng 2026; published_at=2026-08-28; mode=local_cache_checked_sha256; source_url=https://file.hoaphat.com.vn/hoaphat-com-vn/2026/08/20260828-hpg-bctc-hop-nhat-soat-xet-6-thang-2026-va-giai-trinh-1-2.pdf; listing=https://www.hoaphat.com.vn/quan-he-co-dong/bao-cao-tai-chinh
HPG_1f5c4b14f867d268,data/raw/documents/20260730-hpg-bctc-hop-nhat-quy-2-2026-va-giai-trinh.pdf,2026-10-09T12:34:39.937430+07:00,whole PDF; metrics not extracted,Báo cáo tài chính hợp nhất Quý II/2026; published_at=2026-07-30; mode=local_cache_checked_sha256; source_url=https://file.hoaphat.com.vn/hoaphat-com-vn/2026/07/20260730-hpg-bctc-hop-nhat-quy-2-2026-va-giai-trinh.pdf; listing=https://www.hoaphat.com.vn/quan-he-co-dong/bao-cao-tai-chinh
KBS_balance_HPG_20261009_123438_937834,https://kbbuddywts.kbsec.com.vn/iis-server/investment/stock/finance-info/HPG?page=1&pageSize=4&unit=1000&termtype=1&type=CDKT&languageid=1,2026-10-09T12:34:40.531780+07:00,balance,Financial monetary values requested in thousand VND; EPS in VND/share
KBS_cashflow_HPG_20261009_123438_937834,https://kbbuddywts.kbsec.com.vn/iis-server/investment/stock/finance-info/HPG?page=1&pageSize=4&unit=1000&termtype=1&type=LCTT&termType=1&code=HPG,2026-10-09T12:34:40.438313+07:00,cashflow,Financial monetary values requested in thousand VND; EPS in VND/share
KBS_income_HPG_20261009_123438_937834,https://kbbuddywts.kbsec.com.vn/iis-server/investment/stock/finance-info/HPG?page=1&pageSize=4&unit=1000&termtype=1&type=KQKD&languageid=1,2026-10-09T12:34:40.339883+07:00,income,Financial monetary values requested in thousand VND; EPS in VND/share
KBS_news_HPG_20261009_123438_937834,https://kbbuddywts.kbsec.com.vn/iis-server/investment/stockinfo/news/HPG?l=1&p=1&s=12,2026-10-09T12:34:40.145445+07:00,news,Public source snapshot
KBS_price_check_HPG_20261009_123438_937834,https://kbbuddywts.kbsec.com.vn/iis-server/investment/stocks/HPG/data_day?sdate=24-08-2026&edate=08-10-2026,2026-10-09T12:34:40.151597+07:00,price_check,Public source snapshot
KBS_profile_HPG_20261009_123438_937834,https://kbbuddywts.kbsec.com.vn/iis-server/investment/stockinfo/profile/HPG?l=1,2026-10-09T12:34:40.173868+07:00,profile,Public source snapshot
YAHOO_FPT_20261009_123442_874338,https://query1.finance.yahoo.com/v8/finance/chart/FPT.VN?period1=1759942800&period2=1791478800&interval=1d&events=div%2Csplits,2026-10-09T12:34:43.777021+07:00,chart.indicators.quote,Raw snapshot: data/raw/prices/FPT_20261009_123442_874338.json; VND; adjustment basis unverified
KBS_balance_FPT_20261009_123442_874338,https://kbbuddywts.kbsec.com.vn/iis-server/investment/stock/finance-info/FPT?page=1&pageSize=4&unit=1000&termtype=1&type=CDKT&languageid=1,2026-10-09T12:34:44.300553+07:00,balance,Financial monetary values requested in thousand VND; EPS in VND/share
KBS_cashflow_FPT_20261009_123442_874338,https://kbbuddywts.kbsec.com.vn/iis-server/investment/stock/finance-info/FPT?page=1&pageSize=4&unit=1000&termtype=1&type=LCTT&termType=1&code=FPT,2026-10-09T12:34:44.276960+07:00,cashflow,Financial monetary values requested in thousand VND; EPS in VND/share
KBS_income_FPT_20261009_123442_874338,https://kbbuddywts.kbsec.com.vn/iis-server/investment/stock/finance-info/FPT?page=1&pageSize=4&unit=1000&termtype=1&type=KQKD&languageid=1,2026-10-09T12:34:44.179682+07:00,income,Financial monetary values requested in thousand VND; EPS in VND/share
KBS_news_FPT_20261009_123442_874338,https://kbbuddywts.kbsec.com.vn/iis-server/investment/stockinfo/news/FPT?l=1&p=1&s=12,2026-10-09T12:34:43.975796+07:00,news,Public source snapshot
KBS_price_check_FPT_20261009_123442_874338,https://kbbuddywts.kbsec.com.vn/iis-server/investment/stocks/FPT/data_day?sdate=24-08-2026&edate=08-10-2026,2026-10-09T12:34:43.975796+07:00,price_check,Public source snapshot
KBS_profile_FPT_20261009_123442_874338,https://kbbuddywts.kbsec.com.vn/iis-server/investment/stockinfo/profile/FPT?l=1,2026-10-09T12:34:44.004960+07:00,profile,Public source snapshot
YAHOO_VNM_20261009_123445_264055,https://query1.finance.yahoo.com/v8/finance/chart/VNM.VN?period1=1759942800&period2=1791478800&interval=1d&events=div%2Csplits,2026-10-09T12:34:46.640104+07:00,chart.indicators.quote,Raw snapshot: data/raw/prices/VNM_20261009_123445_264055.json; VND; adjustment basis unverified
KBS_balance_VNM_20261009_123445_264055,https://kbbuddywts.kbsec.com.vn/iis-server/investment/stock/finance-info/VNM?page=1&pageSize=4&unit=1000&termtype=1&type=CDKT&languageid=1,2026-10-09T12:34:47.144674+07:00,balance,Financial monetary values requested in thousand VND; EPS in VND/share
KBS_cashflow_VNM_20261009_123445_264055,https://kbbuddywts.kbsec.com.vn/iis-server/investment/stock/finance-info/VNM?page=1&pageSize=4&unit=1000&termtype=1&type=LCTT&termType=1&code=VNM,2026-10-09T12:34:47.159243+07:00,cashflow,Financial monetary values requested in thousand VND; EPS in VND/share
KBS_income_VNM_20261009_123445_264055,https://kbbuddywts.kbsec.com.vn/iis-server/investment/stock/finance-info/VNM?page=1&pageSize=4&unit=1000&termtype=1&type=KQKD&languageid=1,2026-10-09T12:34:47.040462+07:00,income,Financial monetary values requested in thousand VND; EPS in VND/share
KBS_news_VNM_20261009_123445_264055,https://kbbuddywts.kbsec.com.vn/iis-server/investment/stockinfo/news/VNM?l=1&p=1&s=12,2026-10-09T12:34:46.833676+07:00,news,Public source snapshot
KBS_price_check_VNM_20261009_123445_264055,https://kbbuddywts.kbsec.com.vn/iis-server/investment/stocks/VNM/data_day?sdate=24-08-2026&edate=08-10-2026,2026-10-09T12:34:46.832209+07:00,price_check,Public source snapshot
KBS_profile_VNM_20261009_123445_264055,https://kbbuddywts.kbsec.com.vn/iis-server/investment/stockinfo/profile/VNM?l=1,2026-10-09T12:34:46.866154+07:00,profile,Public source snapshot
